PlayerKey,PlayerName,PrimaryPosition,PrimaryPositionGroup,Awards,EverAllStarInDataset
P00001,A.J. Lawson,G,Unknown,,False
P00002,AJ Green,G,Unknown,,False
P00003,AJ Griffin,F,Unknown,,False
P00004,AJ Johnson,G,Unknown,,False
P00005,Aaron Gordon,F,Unknown,,False
P00006,Aaron Henry,SF,Wing,,False
P00007,Aaron Holiday,G,Unknown,,False
P00008,Aaron Nesmith,G,Unknown,,False
P00009,Aaron Wiggins,G,Unknown,,False
P00010,Abdel Nader,F,Unknown,,False
P00011,Ace Bailey,G,Unknown,,False
P00012,Adam Flagler,G,Unknown,,False
P00013,Adama Bal,G,Unknown,,False
P00014,Adama Sanogo,C,Center,,False
P00015,Adem Bona,C,Center,,False
P00016,Admiral Schofield,SF,Wing,,False
P00017,Adou Thiero,F,Unknown,,False
P00018,Ahmad Caver,G,Unknown,,False
P00019,Ajay Mitchell,G,Unknown,,False
P00020,Al Horford,C,Center,,False
P00021,Alec Burks,SG,Guard,,False
P00022,Aleem Ford,F,Unknown,,False
P00023,Aleksej Pokusevski,F,Unknown,,False
P00024,Alex Antetokounmpo,F,Unknown,,False
P00025,Alex Caruso,G,Unknown,,False
P00026,Alex Ducas,G,Unknown,,False
P00027,Alex Fudge,F,Unknown,,False
P00028,Alex Len,C,Center,,False
P00029,Alex Morales,G,Unknown,,False
P00030,Alex Reese,F,Unknown,,False
P00031,Alex Sarr,C,Center,,False
P00032,Alfonzo McKinnie,F,Unknown,,False
P00033,Alijah Martin,G,Unknown,,False
P00034,Alize Johnson,F,Unknown,,False
P00035,Alondes Williams,G,Unknown,,False
P00036,Alperen Sengun,C,Center,,False
P00037,Amari Bailey,G,Unknown,,False
P00038,Amari Williams,F,Unknown,,False
P00039,Amen Thompson,G,Unknown,,False
P00040,Amir Coffey,G,Unknown,,False
P00041,Andersson Garcia,G,Unknown,,False
P00042,Andre Drummond,C,Center,,False
P00043,Andre Iguodala,F,Unknown,,False
P00044,Andre Jackson Jr.,G,Unknown,,False
P00045,Andrew Nembhard,G,Unknown,,False
P00046,Andrew Wiggins,F,Unknown,,False
P00047,Anfernee Simons,G,Unknown,,False
P00048,Anthony Black,G,Unknown,,False
P00049,Anthony Davis,F,Unknown,,False
P00050,Anthony Edwards,G,Unknown,,False
P00051,Anthony Gill,F,Unknown,,False
P00052,Anthony Lamb,F,Unknown,,False
P00053,Anton Watson,F,Unknown,,False
P00054,Antonio Reeves,G,Unknown,,False
P00055,Ariel Hukporti,C,Center,,False
P00056,Armel Traore,F,Unknown,,False
P00057,Armoni Brooks,G,Unknown,,False
P00058,Asa Newell,F,Unknown,,False
P00059,Ashton Hagans,G,Unknown,,False
P00060,Ausar Thompson,G,Unknown,,False
P00061,Austin Reaves,G,Unknown,,False
P00062,Austin Rivers,SG,Guard,,False
P00063,Avery Bradley,PG,Guard,,False
P00064,Ayo Dosunmu,G,Unknown,,False
P00065,BJ Johnson,F,Unknown,,False
P00066,Bam Adebayo,C,Center,,False
P00067,Baylor Scheierman,G,Unknown,,False
P00068,Ben McLemore,SG,Guard,,False
P00069,Ben Saraf,G,Unknown,,False
P00070,Ben Sheppard,G,Unknown,,False
P00071,Ben Simmons,PG,Guard,,False
P00072,Bennedict Mathurin,G,Unknown,,False
P00073,Bez Mbeng,G,Unknown,,False
P00074,Bilal Coulibaly,G,Unknown,,False
P00075,Bismack Biyombo,C,Center,,False
P00076,Blake Griffin,PF,Forward,,False
P00077,Blake Hinson,F,Unknown,,False
P00078,Blake Wesley,G,Unknown,,False
P00079,Boban Marjanovic,C,Center,,False
P00080,Bobby Portis,F,Unknown,,False
P00081,Bobi Klintman,F,Unknown,,False
P00082,Bogdan Bogdanovic,G,Unknown,,False
P00083,Bojan Bogdanovic,SF,Wing,,False
P00084,Bol Bol,C,Center,,False
P00085,Bones Hyland,G,Unknown,,False
P00086,Brad Wanamaker,PG,Guard,,False
P00087,Bradley Beal,G,Unknown,,False
P00088,Branden Carlson,C,Center,,False
P00089,Brandin Podziemski,G,Unknown,,False
P00090,Brandon Boston,SG,Guard,,False
P00091,Brandon Clarke,F,Unknown,,False
P00092,Brandon Goodwin,G,Unknown,,False
P00093,Brandon Ingram,F,Unknown,,False
P00094,Brandon Knight,PG,Guard,,False
P00095,Brandon Miller,F,Unknown,,False
P00096,Brandon Williams,G,Unknown,,False
P00097,Braxton Key,F,Unknown,,False
P00098,Brice Sensabaugh,F,Unknown,,False
P00099,Brodric Thomas,G,Unknown,,False
P00100,Bronny James,G,Unknown,,False
P00101,Brook Lopez,C,Center,,False
P00102,Brooks Barnhizer,F,Unknown,,False
P00103,Bruce Brown,G,Unknown,,False
P00104,Bruno Fernando,F,Unknown,,False
P00105,Bryce McGowens,G,Unknown,,False
P00106,Bryn Forbes,SG,Guard,,False
P00107,Bub Carrington,G,Unknown,,False
P00108,Buddy Boeheim,F,Unknown,,False
P00109,Buddy Hield,G,Unknown,,False
P00110,CJ Elleby,SG,Guard,,False
P00111,CJ Huntley,F,Unknown,,False
P00112,CJ McCollum,G,Unknown,,False
P00113,Cade Cunningham,G,Unknown,,False
P00114,Caleb Houstan,G,Unknown,,False
P00115,Caleb Love,G,Unknown,,False
P00116,Caleb Martin,F,Unknown,,False
P00117,Cam Christie,G,Unknown,,False
P00118,Cam McGriff,F,Unknown,,False
P00119,Cam Reddish,SF,Wing,,False
P00120,Cam Spencer,G,Unknown,,False
P00121,Cam Thomas,G,Unknown,,False
P00122,Cam Whitmore,F,Unknown,,False
P00123,Cameron Johnson,F,Unknown,,False
P00124,Cameron Oliver,F,Unknown,,False
P00125,Cameron Payne,PG,Guard,,False
P00126,Caris LeVert,G,Unknown,,False
P00127,Carlik Jones,G,Unknown,,False
P00128,Carmelo Anthony,PF,Forward,,False
P00129,Carsen Edwards,PG,Guard,,False
P00130,Carter Bryant,F,Unknown,,False
P00131,Cason Wallace,G,Unknown,,False
P00132,Cassius Stanley,G,Unknown,,False
P00133,Cassius Winston,G,Unknown,,False
P00134,Cedi Osman,SF,Wing,,False
P00135,Cedric Coward,F,Unknown,,False
P00136,Chance Comanche,C,Center,,False
P00137,Chandler Hutchison,SF,Wing,,False
P00138,Chaney Johnson,F,Unknown,,False
P00139,Charles Bassey,C,Center,,False
P00140,Charlie Brown Jr.,G,Unknown,,False
P00141,Chaundee Brown Jr.,G,Unknown,,False
P00142,Chaz Lanier,G,Unknown,,False
P00143,Cheick Diallo,F,Unknown,,False
P00144,Chet Holmgren,C,Center,,False
P00145,Chima Moneke,F,Unknown,,False
P00146,Chimezie Metu,PF,Forward,,False
P00147,Chris Boucher,F,Unknown,,False
P00148,Chris Chiozza,G,Unknown,,False
P00149,Chris Duarte,SG,Guard,,False
P00150,Chris Livingston,F,Unknown,,False
P00151,Chris Manon,G,Unknown,,False
P00152,Chris Paul,G,Unknown,,False
P00153,Chris Silva,F,Unknown,,False
P00154,Chris Youngblood,G,Unknown,,False
P00155,Christian Braun,G,Unknown,,False
P00156,Christian Koloko,C,Center,,False
P00157,Christian Wood,F,Unknown,,False
P00158,Chuma Okeke,F,Unknown,,False
P00159,Clint Capela,C,Center,,False
P00160,Coby White,G,Unknown,,False
P00161,Cody Martin,SF,Wing,,False
P00162,Cody Williams,F,Unknown,,False
P00163,Cody Zeller,C,Center,,False
P00164,Colby Jones,G,Unknown,,False
P00165,Cole Anthony,G,Unknown,,False
P00166,Cole Swider,F,Unknown,,False
P00167,Colin Castleton,C,Center,,False
P00168,Collin Gillespie,G,Unknown,,False
P00169,Collin Murray-Boyles,F,Unknown,,False
P00170,Collin Sexton,G,Unknown,,False
P00171,Cooper Flagg,F,Unknown,,False
P00172,Corey Kispert,F,Unknown,,False
P00173,Cormac Ryan,G,Unknown,,False
P00174,Cory Joseph,PG,Guard,,False
P00175,Craig Porter Jr.,G,Unknown,,False
P00176,Craig Sword,G,Unknown,,False
P00177,Curtis Jones,G,Unknown,,False
P00178,D'Angelo Russell,G,Unknown,,False
P00179,D'Moi Hodge,G,Unknown,,False
P00180,D.J. Augustin,G,Unknown,,False
P00181,D.J. Carton,G,Unknown,,False
P00182,D.J. Wilson,F,Unknown,,False
P00183,DaQuan Jeffries,G,Unknown,,False
P00184,DaRon Holmes II,F,Unknown,,False
P00185,Daeqwon Plowden,G,Unknown,,False
P00186,Daishen Nix,SG,Guard,,False
P00187,Dakota Mathias,G,Unknown,,False
P00188,Dalano Banton,F,Unknown,,False
P00189,Dalen Terry,F,Unknown,,False
P00190,Dalton Knecht,F,Unknown,,False
P00191,Damian Jones,C,Center,,False
P00192,Damian Lillard,G,Unknown,,False
P00193,Damion Baugh,G,Unknown,,False
P00194,Damion Lee,SG,Guard,,False
P00195,Damyean Dotson,SG,Guard,,False
P00196,Daniel Gafford,F,Unknown,,False
P00197,Daniel Oturu,C,Center,,False
P00198,Daniel Theis,C,Center,,False
P00199,Danilo Gallinari,PF,Forward,,False
P00200,Daniss Jenkins,G,Unknown,,False
P00201,Danny Green,F,Unknown,,False
P00202,Danny Wolf,F,Unknown,,False
P00203,Dante Exum,G,Unknown,,False
P00204,Danuel House Jr.,SF,Wing,,False
P00205,Dario Saric,F,Unknown,,False
P00206,Dariq Whitehead,F,Unknown,,False
P00207,Darius Bazley,F,Unknown,,False
P00208,Darius Days,F,Unknown,,False
P00209,Darius Garland,G,Unknown,,False
P00210,Darren Collison,PG,Guard,,False
P00211,David Duke Jr.,G,Unknown,,False
P00212,David Jones Garcia,F,Unknown,,False
P00213,David Nwaba,SF,Wing,,False
P00214,David Roddy,F,Unknown,,False
P00215,Davion Mitchell,G,Unknown,,False
P00216,Davis Bertans,SF,Wing,,False
P00217,Davon Reed,SG,Guard,,False
P00218,Day'Ron Sharpe,C,Center,,False
P00219,De'Aaron Fox,G,Unknown,,False
P00220,De'Andre Hunter,F,Unknown,,False
P00221,De'Anthony Melton,G,Unknown,,False
P00222,DeAndre Jordan,C,Center,,False
P00223,DeAndre' Bembry,SG,Guard,,False
P00224,DeJon Jarreau,G,Unknown,,False
P00225,DeMar DeRozan,G,Unknown,,False
P00226,DeMarcus Cousins,C,Center,,False
P00227,Dean Wade,F,Unknown,,False
P00228,Deandre Ayton,C,Center,,False
P00229,Deividas Sirvydis,F,Unknown,,False
P00230,Dejounte Murray,G,Unknown,,False
P00231,Delon Wright,G,Unknown,,False
P00232,Deni Avdija,F,Unknown,,False
P00233,Dennis Schroder,G,Unknown,,False
P00234,Dennis Smith Jr.,PG,Guard,,False
P00235,Denzel Valentine,G,Unknown,,False
P00236,Dereck Lively II,C,Center,,False
P00237,Dereon Seabron,SG,Guard,,False
P00238,Derik Queen,C,Center,,False
P00239,Derrick Favors,F,Unknown,,False
P00240,Derrick Jones Jr.,F,Unknown,,False
P00241,Derrick Rose,PG,Guard,,False
P00242,Derrick Walton Jr.,G,Unknown,,False
P00243,Derrick White,G,Unknown,,False
P00244,Desmond Bane,G,Unknown,,False
P00245,Devin Booker,G,Unknown,,False
P00246,Devin Cannady,G,Unknown,,False
P00247,Devin Carter,G,Unknown,,False
P00248,Devin Vassell,G,Unknown,,False
P00249,Devon Dotson,G,Unknown,,False
P00250,Devontae Cacok,PF,Forward,,False
P00251,Devonte' Graham,PG,Guard,,False
P00252,Dewayne Dedmon,C,Center,,False
P00253,Dexter Dennis,G,Unknown,,False
P00254,Didi Louzada,G,Unknown,,False
P00255,Dillon Brooks,F,Unknown,,False
P00256,Dillon Jones,F,Unknown,,False
P00257,Domantas Sabonis,F,Unknown,,False
P00258,Dominick Barlow,F,Unknown,,False
P00259,Donovan Clingan,C,Center,,False
P00260,Donovan Mitchell,G,Unknown,,False
P00261,Donovan Williams,G,Unknown,,False
P00262,Donte DiVincenzo,G,Unknown,,False
P00263,Dorian Finney-Smith,F,Unknown,,False
P00264,Doug McDermott,F,Unknown,,False
P00265,Drake Powell,G,Unknown,,False
P00266,Draymond Green,F,Unknown,,False
P00267,Drew Eubanks,F,Unknown,,False
P00268,Drew Peterson,F,Unknown,,False
P00269,Drew Timme,F,Unknown,,False
P00270,Dru Smith,G,Unknown,,False
P00271,Duane Washington Jr.,PG,Guard,,False
P00272,Duncan Robinson,F,Unknown,,False
P00273,Duop Reath,C,Center,,False
P00274,Dwight Howard,C,Center,,False
P00275,Dwight Powell,F,Unknown,,False
P00276,Dylan Cardwell,C,Center,,False
P00277,Dylan Harper,G,Unknown,,False
P00278,Dylan Windler,G,Unknown,,False
P00279,Dyson Daniels,G,Unknown,,False
P00280,E.J. Liddell,F,Unknown,,False
P00281,Ed Davis,C,Center,,False
P00282,Edmond Sumner,PG,Guard,,False
P00283,Egor Demin,G,Unknown,,False
P00284,Elfrid Payton,G,Unknown,,False
P00285,Elijah Harkless,G,Unknown,,False
P00286,Elijah Hughes,F,Unknown,,False
P00287,Emanuel Miller,F,Unknown,,False
P00288,Emmanuel Mudiay,G,Unknown,,False
P00289,Emoni Bates,F,Unknown,,False
P00290,Enes Freedom,C,Center,,False
P00291,Enrique Freeman,F,Unknown,,False
P00292,Eric Bledsoe,SG,Guard,,False
P00293,Eric Gordon,G,Unknown,,False
P00294,Eric Paschall,F,Unknown,,False
P00295,Ethan Thompson,G,Unknown,,False
P00296,Eugene Omoruyi,F,Unknown,,False
P00297,Evan Fournier,SG,Guard,,False
P00298,Evan Mobley,C,Center,,False
P00299,Facundo Campazzo,G,Unknown,,False
P00300,Filip Petrusev,PF,Forward,,False
P00301,Frank Jackson,G,Unknown,,False
P00302,Frank Kaminsky,F,Unknown,,False
P00303,Frank Ntilikina,PG,Guard,,False
P00304,Franz Wagner,F,Unknown,,False
P00305,Fred VanVleet,G,Unknown,,False
P00306,Freddie Gillespie,SF,Wing,,False
P00307,Furkan Korkmaz,SG,Guard,,False
P00308,GG Jackson,F,Unknown,,False
P00309,Gabe Vincent,G,Unknown,,False
P00310,Gabe York,G,Unknown,,False
P00311,Gabriel Deck,SF,Wing,,False
P00312,Gabriel Lundberg,F,Unknown,,False
P00313,Garrett Temple,G,Unknown,,False
P00314,Garrison Mathews,G,Unknown,,False
P00315,Gary Clark,F,Unknown,,False
P00316,Gary Harris,G,Unknown,,False
P00317,Gary Payton II,G,Unknown,,False
P00318,Gary Trent Jr.,G,Unknown,,False
P00319,George Hill,PG,Guard,,False
P00320,George King,F,Unknown,,False
P00321,Georges Niang,F,Unknown,,False
P00322,Georgios Kalaitzakis,SF,Wing,,False
P00323,Giannis Antetokounmpo,F,Unknown,,False
P00324,Goga Bitadze,C,Center,,False
P00325,Goran Dragic,PG,Guard,,False
P00326,Gordon Hayward,SF,Wing,,False
P00327,Gorgui Dieng,C,Center,,False
P00328,Gradey Dick,G,Unknown,,False
P00329,Grant Nelson,F,Unknown,,False
P00330,Grant Williams,F,Unknown,,False
P00331,Grayson Allen,G,Unknown,,False
P00332,Greg Brown III,PF,Forward,,False
P00333,Greg Monroe,C,Center,,False
P00334,Guerschon Yabusele,F,Unknown,,False
P00335,Gui Santos,F,Unknown,,False
P00336,Hamidou Diallo,G,Unknown,,False
P00337,Harrison Barnes,F,Unknown,,False
P00338,Harrison Ingram,F,Unknown,,False
P00339,Harry Giles III,PF,Forward,,False
P00340,Hassan Whiteside,C,Center,,False
P00341,Hassani Gravett,PG,Guard,,False
P00342,Hayden Gray,G,Unknown,,False
P00343,Haywood Highsmith,F,Unknown,,False
P00344,Henri Drell,F,Unknown,,False
P00345,Herbert Jones,F,Unknown,,False
P00346,Hugo Gonzalez,G,Unknown,,False
P00347,Hunter Dickinson,C,Center,,False
P00348,Hunter Sallis,G,Unknown,,False
P00349,Hunter Tyson,F,Unknown,,False
P00350,Ibou Badji,C,Center,,False
P00351,Ignas Brazdeikis,SF,Wing,,False
P00352,Immanuel Quickley,G,Unknown,,False
P00353,Isaac Bonga,G,Unknown,,False
P00354,Isaac Jones,C,Center,,False
P00355,Isaac Okoro,F,Unknown,,False
P00356,Isaiah Collier,G,Unknown,,False
P00357,Isaiah Crawford,F,Unknown,,False
P00358,Isaiah Hartenstein,C,Center,,False
P00359,Isaiah Jackson,F,Unknown,,False
P00360,Isaiah Joe,G,Unknown,,False
P00361,Isaiah Livers,F,Unknown,,False
P00362,Isaiah Mobley,F,Unknown,,False
P00363,Isaiah Roby,PF,Forward,,False
P00364,Isaiah Stevens,G,Unknown,,False
P00365,Isaiah Stewart,F,Unknown,,False
P00366,Isaiah Thomas,G,Unknown,,False
P00367,Isaiah Todd,PF,Forward,,False
P00368,Isaiah Wong,G,Unknown,,False
P00369,Ish Smith,PG,Guard,,False
P00370,Ish Wainright,F,Unknown,,False
P00371,Ivica Zubac,C,Center,,False
P00372,Izaiah Brockington,G,Unknown,,False
P00373,JD Davison,G,Unknown,,False
P00374,JT Thor,F,Unknown,,False
P00375,Ja Morant,G,Unknown,,False
P00376,Ja'Kobe Walter,G,Unknown,,False
P00377,JaMychal Green,F,Unknown,,False
P00378,JaVale McGee,C,Center,,False
P00379,Jabari Parker,PF,Forward,,False
P00380,Jabari Smith Jr.,F,Unknown,,False
P00381,Jabari Walker,F,Unknown,,False
P00382,Jack McVeigh,G,Unknown,,False
P00383,Jack White,F,Unknown,,False
P00384,Jackson Rowe,F,Unknown,,False
P00385,Jacob Gilyard,PG,Guard,,False
P00386,Jacob Toppin,F,Unknown,,False
P00387,Jaden Hardy,G,Unknown,,False
P00388,Jaden Ivey,G,Unknown,,False
P00389,Jaden McDaniels,F,Unknown,,False
P00390,Jaden Springer,G,Unknown,,False
P00391,Jae Crowder,PF,Forward,,False
P00392,Jae'Sean Tate,F,Unknown,,False
P00393,Jahmai Mashack,G,Unknown,,False
P00394,Jahmi'us Ramsey,PG,Guard,,False
P00395,Jahmir Young,G,Unknown,,False
P00396,Jahmyl Telfort,F,Unknown,,False
P00397,Jaime Jaquez Jr.,F,Unknown,,False
P00398,Jake LaRavia,F,Unknown,,False
P00399,Jake Layman,F,Unknown,,False
P00400,Jakob Poeltl,C,Center,,False
P00401,Jalen Bridges,F,Unknown,,False
P00402,Jalen Brunson,G,Unknown,,False
P00403,Jalen Duren,C,Center,,False
P00404,Jalen Green,G,Unknown,,False
P00405,Jalen Hood-Schifino,G,Unknown,,False
P00406,Jalen Johnson,F,Unknown,,False
P00407,Jalen McDaniels,F,Unknown,,False
P00408,Jalen Pickett,G,Unknown,,False
P00409,Jalen Slawson,F,Unknown,,False
P00410,Jalen Smith,F,Unknown,,False
P00411,Jalen Suggs,G,Unknown,,False
P00412,Jalen Williams,G,Unknown,,False
P00413,Jalen Wilson,F,Unknown,,False
P00414,Jamal Cain,F,Unknown,,False
P00415,Jamal Murray,G,Unknown,,False
P00416,Jamal Shead,G,Unknown,,False
P00417,Jamaree Bouyea,G,Unknown,,False
P00418,James Bouknight,SG,Guard,,False
P00419,James Ennis III,F,Unknown,,False
P00420,James Harden,G,Unknown,,False
P00421,James Johnson,PF,Forward,,False
P00422,James Wiseman,C,Center,,False
P00423,Jamir Watkins,G,Unknown,,False
P00424,Jamison Battle,F,Unknown,,False
P00425,Jamorko Pickett,F,Unknown,,False
P00426,Jarace Walker,F,Unknown,,False
P00427,Jared Butler,G,Unknown,,False
P00428,Jared Harper,G,Unknown,,False
P00429,Jared McCain,G,Unknown,,False
P00430,Jared Rhoden,G,Unknown,,False
P00431,Jaren Jackson Jr.,F,Unknown,,False
P00432,Jarred Vanderbilt,F,Unknown,,False
P00433,Jarrell Brantley,PF,Forward,,False
P00434,Jarrett Allen,C,Center,,False
P00435,Jarrett Culver,G,Unknown,,False
P00436,Jarron Cumberland,G,Unknown,,False
P00437,Jase Richardson,G,Unknown,,False
P00438,Jason Preston,G,Unknown,,False
P00439,Javon Freeman-Liberty,G,Unknown,,False
P00440,Javon Small,G,Unknown,,False
P00441,Javonte Cooke,G,Unknown,,False
P00442,Javonte Green,G,Unknown,,False
P00443,Javonte Smart,G,Unknown,,False
P00444,Jaxson Hayes,C,Center,,False
P00445,Jay Huff,C,Center,,False
P00446,Jay Scrubb,G,Unknown,,False
P00447,Jaylen Brown,G,Unknown,,False
P00448,Jaylen Clark,G,Unknown,,False
P00449,Jaylen Hoard,F,Unknown,,False
P00450,Jaylen Martin,G,Unknown,,False
P00451,Jaylen Morris,F,Unknown,,False
P00452,Jaylen Nowell,G,Unknown,,False
P00453,Jaylen Sims,G,Unknown,,False
P00454,Jaylen Wells,F,Unknown,,False
P00455,Jaylin Williams,F,Unknown,,False
P00456,Jaylon Tyson,G,Unknown,,False
P00457,Jayson Kent,G,Unknown,,False
P00458,Jayson Tatum,F,Unknown,,False
P00459,Jazian Gortman,G,Unknown,,False
P00460,Jeff Dowtin Jr.,G,Unknown,,False
P00461,Jeff Green,F,Unknown,,False
P00462,Jemerrio Jones,F,Unknown,,False
P00463,Jerami Grant,F,Unknown,,False
P00464,Jeremiah Fears,G,Unknown,,False
P00465,Jeremiah Robinson-Earl,F,Unknown,,False
P00466,Jeremy Lamb,SG,Guard,,False
P00467,Jeremy Sochan,F,Unknown,,False
P00468,Jericho Sims,C,Center,,False
P00469,Jermaine Samuels Jr.,F,Unknown,,False
P00470,Jerome Robinson,SG,Guard,,False
P00471,Jett Howard,G,Unknown,,False
P00472,Jevon Carter,G,Unknown,,False
P00473,Jimmy Butler III,F,Unknown,,False
P00474,Joan Beringer,F,Unknown,,False
P00475,Jock Landale,C,Center,,False
P00476,Joe Harris,SF,Wing,,False
P00477,Joe Ingles,F,Unknown,,False
P00478,Joe Johnson,G,Unknown,,False
P00479,Joe Wieskamp,SF,Wing,,False
P00480,Joel Ayayi,G,Unknown,,False
P00481,Joel Embiid,C,Center,,False
P00482,John Butler Jr.,F,Unknown,,False
P00483,John Collins,F,Unknown,,False
P00484,John Konchar,G,Unknown,,False
P00485,John Poulakidas,G,Unknown,,False
P00486,John Tonje,G,Unknown,,False
P00487,John Wall,PG,Guard,,False
P00488,Johni Broome,F,Unknown,,False
P00489,Johnny Davis,G,Unknown,,False
P00490,Johnny Furphy,G,Unknown,,False
P00491,Johnny Juzang,G,Unknown,,False
P00492,Jonas Valanciunas,C,Center,,False
P00493,Jonathan Isaac,F,Unknown,,False
P00494,Jonathan Kuminga,F,Unknown,,False
P00495,Jonathan Mogbo,F,Unknown,,False
P00496,Jontay Porter,C,Center,,False
P00497,Jordan Clarkson,G,Unknown,,False
P00498,Jordan Ford,G,Unknown,,False
P00499,Jordan Goodwin,G,Unknown,,False
P00500,Jordan Hall,G,Unknown,,False
P00501,Jordan Hawkins,G,Unknown,,False
P00502,Jordan McLaughlin,G,Unknown,,False
P00503,Jordan Miller,G,Unknown,,False
P00504,Jordan Nwora,SF,Wing,,False
P00505,Jordan Poole,G,Unknown,,False
P00506,Jordan Schakel,G,Unknown,,False
P00507,Jordan Walsh,G,Unknown,,False
P00508,Jose Alvarado,G,Unknown,,False
P00509,Josh Christopher,SG,Guard,,False
P00510,Josh Giddey,G,Unknown,,False
P00511,Josh Green,G,Unknown,,False
P00512,Josh Hart,G,Unknown,,False
P00513,Josh Jackson,SG,Guard,,False
P00514,Josh Minott,F,Unknown,,False
P00515,Josh Oduro,C,Center,,False
P00516,Josh Okogie,G,Unknown,,False
P00517,Josh Richardson,SG,Guard,,False
P00518,Joshua Primo,G,Unknown,,False
P00519,Jrue Holiday,G,Unknown,,False
P00520,Juan Toscano-Anderson,F,Unknown,,False
P00521,Juancho Hernangomez,PF,Forward,,False
P00522,Jules Bernard,G,Unknown,,False
P00523,Julian Champagnie,F,Unknown,,False
P00524,Julian Phillips,F,Unknown,,False
P00525,Julian Reese,F,Unknown,,False
P00526,Julian Strawther,G,Unknown,,False
P00527,Julius Randle,F,Unknown,,False
P00528,Justin Anderson,F,Unknown,,False
P00529,Justin Champagnie,F,Unknown,,False
P00530,Justin Edwards,F,Unknown,,False
P00531,Justin Holiday,F,Unknown,,False
P00532,Justin Jackson,F,Unknown,,False
P00533,Justin Minaya,F,Unknown,,False
P00534,Justin Robinson,F,Unknown,,False
P00535,Justise Winslow,PF,Forward,,False
P00536,Jusuf Nurkic,C,Center,,False
P00537,Juwan Morgan,F,Unknown,,False
P00538,KJ Martin,F,Unknown,,False
P00539,KJ Simpson,G,Unknown,,False
P00540,KZ Okpala,SF,Wing,,False
P00541,Kadary Richmond,G,Unknown,,False
P00542,Kai Jones,PF,Forward,,False
P00543,Kam Jones,G,Unknown,,False
P00544,Karl-Anthony Towns,C,Center,,False
P00545,Karlo Matkovic,F,Unknown,,False
P00546,Kasparas Jakucionis,G,Unknown,,False
P00547,Kawhi Leonard,F,Unknown,,False
P00548,Keaton Wallace,G,Unknown,,False
P00549,Keegan Murray,F,Unknown,,False
P00550,Keifer Sykes,G,Unknown,,False
P00551,Keion Brooks Jr.,SF,Wing,,False
P00552,Keita Bates-Diop,SF,Wing,,False
P00553,Kel'el Ware,C,Center,,False
P00554,Kelan Martin,SG,Guard,,False
P00555,Keldon Johnson,F,Unknown,,False
P00556,Keljin Blevins,SF,Wing,,False
P00557,Kelly Olynyk,F,Unknown,,False
P00558,Kelly Oubre Jr.,G,Unknown,,False
P00559,Kemba Walker,PG,Guard,,False
P00560,Kendall Brown,G,Unknown,,False
P00561,Kendrick Nunn,G,Unknown,,False
P00562,Kennedy Chandler,G,Unknown,,False
P00563,Kenneth Lofton Jr.,F,Unknown,,False
P00564,Kenrich Williams,G,Unknown,,False
P00565,Kent Bazemore,SF,Wing,,False
P00566,Kentavious Caldwell-Pope,G,Unknown,,False
P00567,Keon Ellis,G,Unknown,,False
P00568,Keon Johnson,G,Unknown,,False
P00569,Keshad Johnson,F,Unknown,,False
P00570,Keshon Gilbert,G,Unknown,,False
P00571,Kessler Edwards,F,Unknown,,False
P00572,Kevin Durant,F,Unknown,,False
P00573,Kevin Huerter,G,Unknown,,False
P00574,Kevin Knox II,F,Unknown,,False
P00575,Kevin Love,F,Unknown,,False
P00576,Kevin McCullar Jr.,G,Unknown,,False
P00577,Kevin Pangos,G,Unknown,,False
P00578,Kevin Porter Jr.,G,Unknown,,False
P00579,Kevon Harris,G,Unknown,,False
P00580,Kevon Looney,F,Unknown,,False
P00581,Keyontae Johnson,F,Unknown,,False
P00582,Keyonte George,G,Unknown,,False
P00583,Khaman Maluach,C,Center,,False
P00584,Khem Birch,C,Center,,False
P00585,Khris Middleton,F,Unknown,,False
P00586,Killian Hayes,G,Unknown,,False
P00587,Killian Tillie,SF,Wing,,False
P00588,Kira Lewis Jr.,G,Unknown,,False
P00589,Klay Thompson,G,Unknown,,False
P00590,Kobe Brown,G,Unknown,,False
P00591,Kobe Bufkin,G,Unknown,,False
P00592,Kobe Sanders,G,Unknown,,False
P00593,Kobi Simmons,G,Unknown,,False
P00594,Koby Brea,G,Unknown,,False
P00595,Kon Knueppel,G,Unknown,,False
P00596,Kris Dunn,G,Unknown,,False
P00597,Kris Murray,F,Unknown,,False
P00598,Kristaps Porzingis,C,Center,,False
P00599,Kyle Anderson,F,Unknown,,False
P00600,Kyle Filipowski,F,Unknown,,False
P00601,Kyle Guy,SG,Guard,,False
P00602,Kyle Kuzma,F,Unknown,,False
P00603,Kyle Lowry,G,Unknown,,False
P00604,Kylor Kelley,C,Center,,False
P00605,Kyrie Irving,G,Unknown,,False
P00606,Kyshawn George,F,Unknown,,False
P00607,LJ Cryer,G,Unknown,,False
P00608,LaMarcus Aldridge,C,Center,,False
P00609,LaMelo Ball,G,Unknown,,False
P00610,Lachlan Olbrich,C,Center,,False
P00611,Lamar Stevens,F,Unknown,,False
P00612,Lance Stephenson,G,Unknown,,False
P00613,Landry Shamet,G,Unknown,,False
P00614,Langston Galloway,SG,Guard,,False
P00615,Larry Nance Jr.,F,Unknown,,False
P00616,Lauri Markkanen,F,Unknown,,False
P00617,Lawson Lovering,C,Center,,False
P00618,LeBron James,F,Unknown,,False
P00619,Leaky Black,F,Unknown,,False
P00620,Leandro Bolmaro,F,Unknown,,False
P00621,Leonard Miller,F,Unknown,,False
P00622,Lester Quinones,G,Unknown,,False
P00623,Liam McNeeley,G,Unknown,,False
P00624,Liam Robbins,C,Center,,False
P00625,Lindell Wigginton,G,Unknown,,False
P00626,Lindy Waters III,F,Unknown,,False
P00627,Lonnie Walker IV,G,Unknown,,False
P00628,Lonzo Ball,G,Unknown,,False
P00629,Lou Williams,SG,Guard,,False
P00630,Louis King,SF,Wing,,False
P00631,Lucas Williamson,G,Unknown,,False
P00632,Luguentz Dort,G,Unknown,,False
P00633,Luka Doncic,G,Unknown,,False
P00634,Luka Garza,C,Center,,False
P00635,Luka Samanic,F,Unknown,,False
P00636,Luke Kennard,G,Unknown,,False
P00637,Luke Kornet,C,Center,,False
P00638,Luke Travers,F,Unknown,,False
P00639,Mac McClung,G,Unknown,,False
P00640,Malachi Flynn,PG,Guard,,False
P00641,Malachi Smith,G,Unknown,,False
P00642,Malaki Branham,G,Unknown,,False
P00643,Malcolm Brogdon,G,Unknown,,False
P00644,Malcolm Hill,G,Unknown,,False
P00645,Malevy Leons,F,Unknown,,False
P00646,Malik Beasley,SG,Guard,,False
P00647,Malik Fitts,F,Unknown,,False
P00648,Malik Monk,G,Unknown,,False
P00649,Malik Newman,G,Unknown,,False
P00650,Malik Williams,C,Center,,False
P00651,Mamadi Diakite,F,Unknown,,False
P00652,Maozinha Pereira,F,Unknown,,False
P00653,MarJon Beauchamp,F,Unknown,,False
P00654,Marcus Bagley,F,Unknown,,False
P00655,Marcus Garrett,G,Unknown,,False
P00656,Marcus Morris Sr.,F,Unknown,,False
P00657,Marcus Sasser,G,Unknown,,False
P00658,Marcus Smart,G,Unknown,,False
P00659,Mark Sears,G,Unknown,,False
P00660,Mark Williams,C,Center,,False
P00661,Markelle Fultz,G,Unknown,,False
P00662,Markieff Morris,PF,Forward,,False
P00663,Marko Simonovic,C,Center,,False
P00664,Markquis Nowell,G,Unknown,,False
P00665,Markus Howard,PG,Guard,,False
P00666,Marques Bolden,C,Center,,False
P00667,Marquese Chriss,SF,Wing,,False
P00668,Marvin Bagley III,F,Unknown,,False
P00669,Mason Jones,G,Unknown,,False
P00670,Mason Plumlee,C,Center,,False
P00671,Matas Buzelis,F,Unknown,,False
P00672,Matisse Thybulle,G,Unknown,,False
P00673,Matt Hurt,F,Unknown,,False
P00674,Matt Ryan,F,Unknown,,False
P00675,Matt Thomas,SG,Guard,,False
P00676,Matthew Dellavedova,G,Unknown,,False
P00677,Maurice Harkless,SF,Wing,,False
P00678,Max Christie,G,Unknown,,False
P00679,Max Shulga,G,Unknown,,False
P00680,Max Strus,G,Unknown,,False
P00681,Maxi Kleber,F,Unknown,,False
P00682,Maxime Raynaud,C,Center,,False
P00683,Maxwell Lewis,F,Unknown,,False
P00684,McKinley Wright IV,PG,Guard,,False
P00685,Melvin Frazier Jr.,G,Unknown,,False
P00686,Meyers Leonard,C,Center,,False
P00687,Mfiondu Kabengele,C,Center,,False
P00688,Micah Peavy,G,Unknown,,False
P00689,Micah Potter,C,Center,,False
P00690,Michael Carter-Williams,G,Unknown,,False
P00691,Michael Porter Jr.,F,Unknown,,False
P00692,Mikal Bridges,G,Unknown,,False
P00693,Mike Conley,G,Unknown,,False
P00694,Mike Muscala,C,Center,,False
P00695,Miles Bridges,F,Unknown,,False
P00696,Miles Kelly,G,Unknown,,False
P00697,Miles McBride,G,Unknown,,False
P00698,Miles Norris,F,Unknown,,False
P00699,Mitchell Robinson,C,Center,,False
P00700,Miye Oni,SF,Wing,,False
P00701,Mo Bamba,C,Center,,False
P00702,Mohamed Diawara,F,Unknown,,False
P00703,Monte Morris,PG,Guard,,False
P00704,Montrezl Harrell,C,Center,,False
P00705,Moritz Wagner,F,Unknown,,False
P00706,Moses Brown,C,Center,,False
P00707,Moses Moody,G,Unknown,,False
P00708,Moses Wright,F,Unknown,,False
P00709,Mouhamadou Gueye,F,Unknown,,False
P00710,Mouhamed Gueye,F,Unknown,,False
P00711,Moussa Cisse,C,Center,,False
P00712,Moussa Diabate,F,Unknown,,False
P00713,Mychal Mulder,G,Unknown,,False
P00714,Myles Powell,G,Unknown,,False
P00715,Myles Turner,C,Center,,False
P00716,Myron Gardner,F,Unknown,,False
P00717,N'Faly Dante,C,Center,,False
P00718,Nae'Qwan Tomlin,F,Unknown,,False
P00719,Naji Marshall,F,Unknown,,False
P00720,Nassir Little,SF,Wing,,False
P00721,Nate Hinton,G,Unknown,,False
P00722,Nate Mensah,C,Center,,False
P00723,Nate Williams,G,Unknown,,False
P00724,Nathan Knight,F,Unknown,,False
P00725,Naz Reid,C,Center,,False
P00726,Neemias Queta,C,Center,,False
P00727,Nemanja Bjelica,PF,Forward,,False
P00728,Nerlens Noel,C,Center,,False
P00729,Nic Claxton,C,Center,,False
P00730,Nick Richards,C,Center,,False
P00731,Nick Smith Jr.,G,Unknown,,False
P00732,Nickeil Alexander-Walker,G,Unknown,,False
P00733,Nicolas Batum,F,Unknown,,False
P00734,Nigel Hayes-Davis,F,Unknown,,False
P00735,Nik Stauskas,G,Unknown,,False
P00736,Nikola Jokic,C,Center,,False
P00737,Nikola Jovic,F,Unknown,,False
P00738,Nikola Topic,G,Unknown,,False
P00739,Nikola Vucevic,C,Center,,False
P00740,Nique Clifford,G,Unknown,,False
P00741,Noah Clowney,F,Unknown,,False
P00742,Noah Penda,F,Unknown,,False
P00743,Noah Vonleh,PF,Forward,,False
P00744,Nolan Traore,G,Unknown,,False
P00745,Norchad Omier,F,Unknown,,False
P00746,Norman Powell,G,Unknown,,False
P00747,Norvel Pelle,PF,Forward,,False
P00748,OG Anunoby,F,Unknown,,False
P00749,Obi Toppin,F,Unknown,,False
P00750,Ochai Agbaji,G,Unknown,,False
P00751,Olivier Sarr,F,Unknown,,False
P00752,Olivier-Maxence Prosper,F,Unknown,,False
P00753,Omer Yurtseven,C,Center,,False
P00754,Onuralp Bitim,SF,Wing,,False
P00755,Onyeka Okongwu,F,Unknown,,False
P00756,Orlando Robinson,C,Center,,False
P00757,Oscar Tshiebwe,C,Center,,False
P00758,Oshae Brissett,SF,Wing,,False
P00759,Oso Ighodaro,F,Unknown,,False
P00760,Otto Porter Jr.,SF,Wing,,False
P00761,Ousmane Dieng,F,Unknown,,False
P00762,P.J. Tucker,PF,Forward,,False
P00763,P.J. Washington,F,Unknown,,False
P00764,PJ Dozier,G,Unknown,,False
P00765,PJ Hall,C,Center,,False
P00766,Pacome Dadiet,F,Unknown,,False
P00767,Paolo Banchero,F,Unknown,,False
P00768,Paris Bass,F,Unknown,,False
P00769,Pascal Siakam,F,Unknown,,False
P00770,Pat Connaughton,G,Unknown,,False
P00771,Pat Spencer,G,Unknown,,False
P00772,Patrick Baldwin Jr.,G,Unknown,,False
P00773,Patrick Beverley,PG,Guard,,False
P00774,Patrick Williams,F,Unknown,,False
P00775,Patty Mills,PG,Guard,,False
P00776,Paul George,F,Unknown,,False
P00777,Paul Millsap,PF,Forward,,False
P00778,Paul Reed,F,Unknown,,False
P00779,Paul Watson,SG,Guard,,False
P00780,Payton Pritchard,G,Unknown,,False
P00781,Payton Sandfort,F,Unknown,,False
P00782,Pelle Larsson,G,Unknown,,False
P00783,Pete Nance,F,Unknown,,False
P00784,Petr Cornelie,F,Unknown,,False
P00785,Peyton Watson,G,Unknown,,False
P00786,Phillip Wheeler,F,Unknown,,False
P00787,Precious Achiuwa,PF,Forward,,False
P00788,Quentin Grimes,G,Unknown,,False
P00789,Quenton Jackson,G,Unknown,,False
P00790,Quincy Olivari,G,Unknown,,False
P00791,Quinndary Weatherspoon,G,Unknown,,False
P00792,Quinten Post,C,Center,,False
P00793,R.J. Hampton,G,Unknown,,False
P00794,RJ Barrett,F,Unknown,,False
P00795,RJ Nembhard Jr.,SG,Guard,,False
P00796,RaiQuan Gray,F,Unknown,,False
P00797,Rajon Rondo,PG,Guard,,False
P00798,Rasheer Fleming,F,Unknown,,False
P00799,Raul Neto,PG,Guard,,False
P00800,RayJ Dennis,G,Unknown,,False
P00801,Rayan Rupert,G,Unknown,,False
P00802,Rayjon Tucker,G,Unknown,,False
P00803,Reece Beekman,G,Unknown,,False
P00804,Reed Sheppard,G,Unknown,,False
P00805,Reggie Bullock Jr.,SF,Wing,,False
P00806,Reggie Jackson,PG,Guard,,False
P00807,Reggie Perry,F,Unknown,,False
P00808,Richaun Holmes,F,Unknown,,False
P00809,Ricky Council IV,G,Unknown,,False
P00810,Ricky Rubio,PG,Guard,,False
P00811,Riley Minix,F,Unknown,,False
P00812,Rob Dillingham,G,Unknown,,False
P00813,Rob Edwards,G,Unknown,,False
P00814,Robert Covington,PF,Forward,,False
P00815,Robert Williams III,C,Center,,False
P00816,Robert Woodard II,F,Unknown,,False
P00817,Robin Lopez,C,Center,,False
P00818,Rocco Zikarsky,C,Center,,False
P00819,Rodney Hood,SG,Guard,,False
P00820,Rodney McGruder,G,Unknown,,False
P00821,Romeo Langford,SG,Guard,,False
P00822,Ron Harper Jr.,G,Unknown,,False
P00823,Ronald Holland II,F,Unknown,,False
P00824,Royce O'Neale,F,Unknown,,False
P00825,Rudy Gay,SF,Wing,,False
P00826,Rudy Gobert,C,Center,,False
P00827,Rui Hachimura,F,Unknown,,False
P00828,Russell Westbrook,G,Unknown,,False
P00829,Ryan Arcidiacono,G,Unknown,,False
P00830,Ryan Dunn,F,Unknown,,False
P00831,Ryan Kalkbrenner,C,Center,,False
P00832,Ryan Nembhard,G,Unknown,,False
P00833,Ryan Rollins,G,Unknown,,False
P00834,Saben Lee,G,Unknown,,False
P00835,Saddiq Bey,G,Unknown,,False
P00836,Sam Hauser,F,Unknown,,False
P00837,Sam Merrill,G,Unknown,,False
P00838,Sandro Mamukelashvili,F,Unknown,,False
P00839,Santi Aldama,F,Unknown,,False
P00840,Sasha Vezenkov,F,Unknown,,False
P00841,Scoot Henderson,G,Unknown,,False
P00842,Scottie Barnes,F,Unknown,,False
P00843,Scottie Lewis,SG,Guard,,False
P00844,Scotty Hopson,G,Unknown,,False
P00845,Scotty Pippen Jr.,G,Unknown,,False
P00846,Sean Pedulla,G,Unknown,,False
P00847,Sekou Doumbouya,SF,Wing,,False
P00848,Semi Ojeleye,PF,Forward,,False
P00849,Serge Ibaka,F,Unknown,,False
P00850,Seth Curry,G,Unknown,,False
P00851,Seth Lundy,G,Unknown,,False
P00852,Shaedon Sharpe,G,Unknown,,False
P00853,Shai Gilgeous-Alexander,G,Unknown,,False
P00854,Shake Milton,SG,Guard,,False
P00855,Shaq Buchanan,F,Unknown,,False
P00856,Shaquille Harrison,G,Unknown,,False
P00857,Sharife Cooper,G,Unknown,,False
P00858,Sidy Cissoko,G,Unknown,,False
P00859,Simone Fontecchio,F,Unknown,,False
P00860,Sion James,G,Unknown,,False
P00861,Skal Labissiere,C,Center,,False
P00862,Skylar Mays,PG,Guard,,False
P00863,Solomon Hill,SF,Wing,,False
P00864,Spencer Dinwiddie,PG,Guard,,False
P00865,Spencer Jones,F,Unknown,,False
P00866,Stanley Johnson,SF,Wing,,False
P00867,Stanley Umude,G,Unknown,,False
P00868,Stephen Curry,G,Unknown,,False
P00869,Stephon Castle,G,Unknown,,False
P00870,Sterling Brown,SF,Wing,,False
P00871,Steven Adams,C,Center,,False
P00872,Svi Mykhailiuk,G,Unknown,,False
P00873,T.J. McConnell,G,Unknown,,False
P00874,T.J. Warren,SF,Wing,,False
P00875,Tacko Fall,C,Center,,False
P00876,Taelon Peter,G,Unknown,,False
P00877,Taj Gibson,F,Unknown,,False
P00878,Talen Horton-Tucker,SF,Wing,,False
P00879,Tari Eason,F,Unknown,,False
P00880,Taurean Prince,F,Unknown,,False
P00881,Taylor Hendricks,F,Unknown,,False
P00882,Taze Moore,G,Unknown,,False
P00883,Terance Mann,G,Unknown,,False
P00884,Terence Davis,G,Unknown,,False
P00885,Terquavion Smith,G,Unknown,,False
P00886,Terrence Ross,G,Unknown,,False
P00887,Terrence Shannon Jr.,G,Unknown,,False
P00888,Terry Rozier,G,Unknown,,False
P00889,Terry Taylor,F,Unknown,,False
P00890,Thaddeus Young,F,Unknown,,False
P00891,Thanasis Antetokounmpo,F,Unknown,,False
P00892,Theo Maledon,PG,Guard,,False
P00893,Theo Pinson,G,Unknown,,False
P00894,Thomas Bryant,C,Center,,False
P00895,Tidjane Salaun,F,Unknown,,False
P00896,Tim Frazier,PG,Guard,,False
P00897,Tim Hardaway Jr.,G,Unknown,,False
P00898,Timmy Allen,F,Unknown,,False
P00899,Timothe Luwawu-Cabarrot,SG,Guard,,False
P00900,Tobias Harris,F,Unknown,,False
P00901,Toby Okani,F,Unknown,,False
P00902,Tolu Smith,F,Unknown,,False
P00903,Tomas Satoransky,SG,Guard,,False
P00904,Tony Bradley,C,Center,,False
P00905,Tony Snell,SF,Wing,,False
P00906,Torrey Craig,SF,Wing,,False
P00907,Tosan Evbuomwan,F,Unknown,,False
P00908,Toumani Camara,F,Unknown,,False
P00909,Trae Young,G,Unknown,,False
P00910,Trayce Jackson-Davis,F,Unknown,,False
P00911,Tre Johnson,G,Unknown,,False
P00912,Tre Jones,G,Unknown,,False
P00913,Tre Mann,G,Unknown,,False
P00914,Tremont Waters,G,Unknown,,False
P00915,Trendon Watford,F,Unknown,,False
P00916,Trent Forrest,G,Unknown,,False
P00917,Trentyn Flowers,F,Unknown,,False
P00918,Trevelin Queen,SG,Guard,,False
P00919,Trevon Scott,F,Unknown,,False
P00920,Trevor Ariza,SF,Wing,,False
P00921,Trevor Hudgins,G,Unknown,,False
P00922,Trevor Keels,G,Unknown,,False
P00923,Trey Alexander,G,Unknown,,False
P00924,Trey Burke,PG,Guard,,False
P00925,Trey Jemison III,F,Unknown,,False
P00926,Trey Lyles,PF,Forward,,False
P00927,Trey Murphy III,F,Unknown,,False
P00928,Tristan Enaruna,F,Unknown,,False
P00929,Tristan Thompson,C,Center,,False
P00930,Tristan Vukcevic,F,Unknown,,False
P00931,Tristan da Silva,F,Unknown,,False
P00932,Tristen Newton,G,Unknown,,False
P00933,Troy Brown Jr.,F,Unknown,,False
P00934,Ty Jerome,G,Unknown,,False
P00935,TyTy Washington Jr.,G,Unknown,,False
P00936,Tyler Burton,F,Unknown,,False
P00937,Tyler Cook,F,Unknown,,False
P00938,Tyler Dorsey,G,Unknown,,False
P00939,Tyler Herro,G,Unknown,,False
P00940,Tyler Johnson,G,Unknown,,False
P00941,Tyler Kolek,G,Unknown,,False
P00942,Tyler Smith,F,Unknown,,False
P00943,Tyrell Terry,PG,Guard,,False
P00944,Tyrese Haliburton,G,Unknown,,False
P00945,Tyrese Martin,G,Unknown,,False
P00946,Tyrese Maxey,G,Unknown,,False
P00947,Tyrese Proctor,G,Unknown,,False
P00948,Tyrone Wallace,G,Unknown,,False
P00949,Tyson Etienne,G,Unknown,,False
P00950,Tyus Jones,G,Unknown,,False
P00951,Udoka Azubuike,C,Center,,False
P00952,Udonis Haslem,PF,Forward,,False
P00953,Ulrich Chomche,C,Center,,False
P00954,Usman Garuba,PF,Forward,,False
P00955,VJ Edgecombe,G,Unknown,,False
P00956,Vasilije Micic,G,Unknown,,False
P00957,Vernon Carey Jr.,C,Center,,False
P00958,Victor Oladipo,SG,Guard,,False
P00959,Victor Wembanyama,F,Unknown,,False
P00960,Vince Williams Jr.,G,Unknown,,False
P00961,Vit Krejci,G,Unknown,,False
P00962,Vladislav Goldin,C,Center,,False
P00963,Vlatko Cancar,SF,Wing,,False
P00964,Walker Kessler,C,Center,,False
P00965,Walter Clayton Jr.,G,Unknown,,False
P00966,Wayne Ellington,SG,Guard,,False
P00967,Wayne Selden,G,Unknown,,False
P00968,Wendell Carter Jr.,C,Center,,False
P00969,Wendell Moore Jr.,F,Unknown,,False
P00970,Wenyen Gabriel,F,Unknown,,False
P00971,Wes Iwundu,F,Unknown,,False
P00972,Wesley Matthews,SG,Guard,,False
P00973,Will Barton,G,Unknown,,False
P00974,Will Richard,G,Unknown,,False
P00975,Will Riley,G,Unknown,,False
P00976,Willie Cauley-Stein,C,Center,,False
P00977,Willy Hernangomez,C,Center,,False
P00978,Xavier Cooks,G,Unknown,,False
P00979,Xavier Moon,G,Unknown,,False
P00980,Xavier Sneed,F,Unknown,,False
P00981,Xavier Tillman,F,Unknown,,False
P00982,Yang Hansen,C,Center,,False
P00983,Yanic Konan Niederhauser,C,Center,,False
P00984,Yongxi Cui,G,Unknown,,False
P00985,Yuki Kawamura,G,Unknown,,False
P00986,Yuri Collins,G,Unknown,,False
P00987,Yuta Watanabe,SF,Wing,,False
P00988,Yves Missi,C,Center,,False
P00989,Yves Pons,SG,Guard,,False
P00990,Zaccharie Risacher,F,Unknown,,False
P00991,Zach Collins,F,Unknown,,False
P00992,Zach Edey,C,Center,,False
P00993,Zach LaVine,G,Unknown,,False
P00994,Zavier Simpson,G,Unknown,,False
P00995,Zeke Nnaji,F,Unknown,,False
P00996,Ziaire Williams,F,Unknown,,False
P00997,Zion Williamson,F,Unknown,,False
P00998,Zyon Pullin,G,Unknown,,False
