Season,SeasonEndYear,TeamKey,Payroll,PayrollMillions,SalaryCoveredPlayers,MedianSalary,Top1SalaryShare,Top3SalaryShare,Top5SalaryShare,GuardSalaryShare,WingSalaryShare,ForwardSalaryShare,CenterSalaryShare,MaxTierPlayers,RookieEarlyCareerPlayers,TeamName,Conference,Division
2021-22,2022,GSW,166025525.0,166.025525,14,2861820.0,0.2757465516221075,0.6947189355371711,0.8723607288698529,0.011509435070300184,0.010053743242191224,0.010053743242191224,0.0,2,0,Golden State Warriors,West,Pacific
2021-22,2022,UTA,164213439.0,164.213439,18,4575740.0,0.21523712197513872,0.5142595424239303,0.7075224336541663,0.0,0.164046299523634,0.04206607596836213,0.23804316040175005,1,0,Utah Jazz,West,Northwest
2021-22,2022,MIL,153429887.0,153.429887,15,4054695.0,0.2564361531466161,0.6990704685847811,0.8491274454239806,0.03751234594860909,0.00989364607952817,0.0,0.08669969886636232,2,0,Milwaukee Bucks,East,Central
2021-22,2022,PHI,150935545.0,150.935545,17,2602920.0,0.29357458509855977,0.741284499949962,0.8382108402629745,0.04290816984163671,0.0,0.011058879470703869,0.24499712112213196,2,0,Philadelphia 76ers,East,Atlantic
2021-22,2022,CLE,149225452.0,149.225452,17,6720720.0,0.20947000381677516,0.4627779984878183,0.6851992312946722,0.13046821262099445,0.05450366469655592,0.0,0.1994534015551181,0,0,Cleveland Cavaliers,East,Central
2021-22,2022,LAL,147758162.0,147.758162,15,1669178.0,0.29921288544452795,0.8172343805955031,0.9059853492221973,0.02259337795498566,0.11735833584611048,0.01129668897749283,0.01129668897749283,3,0,Los Angeles Lakers,West,Pacific
2021-22,2022,LAC,143880194.0,143.880194,15,7518518.0,0.2734559838027463,0.5080463472269158,0.7086644253482172,0.2161794138253664,0.0,0.10178363395868092,0.06385657222563934,1,0,Los Angeles Clippers,West,Pacific
2021-22,2022,BOS,138292321.0,138.292321,17,2617800.0,0.20321808034446107,0.591952086768433,0.8053974594872841,0.012304320208784405,0.0,0.012069925415453835,0.29775688702194825,0,0,Boston Celtics,East,Atlantic
2021-22,2022,ATL,137732190.0,137.73219,16,5975129.5,0.1669907376046224,0.45071851395087814,0.6433119519844998,0.04842134580158785,0.01211901153971341,0.14865805880237581,0.16411158495337946,0,0,Atlanta Hawks,East,Southeast
2021-22,2022,MIN,135782463.0,135.782463,14,4068952.0,0.23309784857857527,0.5608681881105663,0.7620796508898208,0.2121993618572083,0.0,0.0,0.2462263554609405,0,0,Minnesota Timberwolves,West,Northwest
2021-22,2022,WAS,135560730.0,135.56073,15,4692840.0,0.2487755856729305,0.5784393607204682,0.7481050153683888,0.11927626828211975,0.0,0.011065151390081773,0.30860890170774385,1,0,Washington Wizards,East,Southeast
2021-22,2022,CHI,135556176.0,135.556176,17,5170564.0,0.19180240079950323,0.5127025713679029,0.7216605977436248,0.012313551836988968,0.0,0.0,0.20356457975031694,0,0,Chicago Bulls,East,Central
2021-22,2022,MIA,134811071.0,134.811071,17,1782621.0,0.26716055093131036,0.6751213184857793,0.8431342259716934,0.012381609222583804,0.013223105393176499,0.07668773731498654,0.23189299490099,1,0,Miami Heat,East,Southeast
2021-22,2022,TOR,132112303.0,132.112303,17,2711280.0,0.24981727856186112,0.520400367254214,0.7489180701058553,0.01550226552329498,0.01334316305121106,0.02052253982734674,0.05955524823452665,0,0,Toronto Raptors,East,Atlantic
2021-22,2022,SAC,130718430.0,130.71843,17,4603320.0,0.21499301972950563,0.521637545677377,0.6814046114231941,0.13022900443342228,0.033259273386315916,0.0326105201844912,0.04367410930501537,0,0,Sacramento Kings,West,Pacific
2021-22,2022,PHO,126683440.0,126.68344,16,4657524.5,0.24984007380917347,0.5863714310252389,0.7144142123074649,0.05130899508254591,0.0702341837259866,0.07673378619968009,0.14600422912418545,0,0,Phoenix Suns,West,Pacific
2021-22,2022,BRK,126508797.0,126.508797,15,2009040.0,0.33214211972942875,0.7486020359516975,0.86003711662834,0.05019779770730094,0.13720107543193222,0.026388330923738053,0.05635985140227047,2,0,Brooklyn Nets,East,Atlantic
2021-22,2022,NOP,120521566.0,120.521566,14,4366120.0,0.2560885908170161,0.616752673127397,0.7967280063387162,0.09126997237988096,0.013849620905191358,0.0,0.17984748057455544,0,0,New Orleans Pelicans,West,Southwest
2021-22,2022,DAL,115254473.0,115.254473,15,4000000.0,0.18488493717723214,0.47244737304035045,0.6568611788281744,0.19055256102728438,0.25590789001308434,0.0,0.03036758495264648,0,0,Dallas Mavericks,West,Southwest
2021-22,2022,CHO,110117912.0,110.117912,15,4215120.0,0.2717541538564589,0.5433290725672314,0.7155919919731133,0.03772683230680945,0.2879424466384724,0.02515993946561573,0.18604797010680696,0,0,Charlotte Hornets,East,Southeast
2021-22,2022,NYK,109452895.0,109.452895,15,5105160.0,0.19898971151014325,0.47714699551802625,0.6440226181317543,0.44503290662161105,0.04266821814078102,0.0,0.08955502730192746,0,0,New York Knicks,East,Atlantic
2021-22,2022,DEN,107072425.0,107.072425,15,4500000.0,0.29493485367497746,0.5941163749676912,0.7496099485932068,0.13652676681227682,0.016648740326932913,0.0,0.3191505749496194,0,0,Denver Nuggets,West,Northwest
2021-22,2022,MEM,101354831.0,101.354831,17,4373040.0,0.1684495039017923,0.3868618852514292,0.5721901997942259,0.014976898338471897,0.01876205585109209,0.0,0.1684495039017923,0,0,Memphis Grizzlies,West,Southwest
2021-22,2022,IND,92202197.0,92.202197,14,3423900.0,0.24694520023205088,0.6775206235053163,0.8072138454575003,0.05096841672872502,0.018455015773647998,0.0,0.2288275191533668,0,0,Indiana Pacers,East,Central
2021-22,2022,ORL,91430530.0,91.43053,13,5007840.0,0.22401864016319276,0.5411993455577694,0.6996668727612101,0.0,0.0,0.0,0.21315385571974702,0,0,Orlando Magic,East,Southeast
2021-22,2022,POR,88890543.0,88.890543,14,2434680.0,0.442621888359935,0.7126168640909304,0.8132368816781781,0.03585487153565931,0.026057215107798362,0.0543105805979833,0.13499748786549767,1,0,Portland Trail Blazers,West,Northwest
2021-22,2022,DET,86785299.0,86.785299,16,3138540.0,0.23048258438332972,0.5013491513119059,0.6813658151941149,0.07711698959520782,0.0,0.0,0.010661460070558725,0,0,Detroit Pistons,East,Central
2021-22,2022,SAS,79863021.0,79.863021,15,3946800.0,0.19319179022792038,0.5108022147071045,0.7080148896446079,0.19307669315439493,0.024182468629630225,0.004562224111206612,0.12114815942161768,0,0,San Antonio Spurs,West,Southwest
2021-22,2022,HOU,68458129.0,68.458129,14,2306280.0,0.2661308199059895,0.5971195181217996,0.7510822418182068,0.04194154941044328,0.06792473104253258,0.034376049044518873,0.04695833857802336,0,0,Houston Rockets,West,Southwest
2021-22,2022,OKC,53822281.0,53.822281,18,2206420.0,0.18061107443588278,0.39397126257060716,0.5248136733558356,0.06877436130958478,0.08550566632432394,0.03312050264090442,0.06252772899015559,0,0,Oklahoma City Thunder,West,Northwest
2022-23,2023,GSW,189012752.0,189.012752,14,5119930.0,0.25432153910969985,0.6469767923383286,0.8274221201752567,0.0,0.0,0.0,0.0,2,0,Golden State Warriors,West,Pacific
2022-23,2023,MIL,178721881.0,178.721881,15,6479000.0,0.23775763640267417,0.6384546053429239,0.7769397525532982,0.012458032489038094,0.0,0.056976795135677875,0.07940766357534028,2,0,Milwaukee Bucks,East,Central
2022-23,2023,LAC,178099868.0,178.099868,15,9080417.0,0.23858800389453405,0.5712727703986844,0.7323048100181635,0.04515734958321249,0.0,0.06910556497436596,0.10782643589606704,2,0,Los Angeles Clippers,West,Pacific
2022-23,2023,PHO,173680195.0,173.680195,16,3050359.5,0.25402922307865905,0.6268244632037637,0.845041629530644,0.05412020639428693,0.040062374411774467,0.0,0.19756632585540337,1,0,Phoenix Suns,West,Pacific
2022-23,2023,DAL,173273330.0,173.27333,16,7230609.5,0.2245992328998352,0.551812157127701,0.7267811497591695,0.0197907779575772,0.15012581566938202,0.010596495144405662,0.03151794335573743,1,0,Dallas Mavericks,West,Southwest
2022-23,2023,BOS,171962452.0,171.962452,17,3500000.0,0.16713573611988272,0.4846672632930356,0.716154663809981,0.0,0.0,0.0213545454678676,0.2603613316702416,0,0,Boston Celtics,East,Atlantic
2022-23,2023,LAL,166842013.0,166.842013,14,5318594.0,0.26656947611870396,0.6822829331362719,0.8372680866659167,0.10465090708297796,0.0,0.0,0.061735049912158516,2,0,Los Angeles Lakers,West,Pacific
2022-23,2023,BRK,162460614.0,162.460614,17,8496500.0,0.21819855980600936,0.4619499468344986,0.6563509417734935,0.3902228696488861,0.12560369247404174,0.0,0.1222983559572168,0,0,Brooklyn Nets,East,Atlantic
2022-23,2023,DEN,159024398.0,159.024398,15,4500000.0,0.20781593526296513,0.6012382703690536,0.8131278446971388,0.03351921508295853,0.014050416339258834,0.0,0.23090786358455512,0,0,Denver Nuggets,West,Northwest
2022-23,2023,ATL,154921877.0,154.921877,16,4965660.0,0.23944326468494828,0.5118831344910699,0.735035091267323,0.0,0.0,0.0,0.12075051220816282,0,0,Atlanta Hawks,East,Southeast
2022-23,2023,TOR,152834102.0,152.834102,17,6667500.0,0.2319421617041987,0.4855177674940636,0.682117496264021,0.0140395368044234,0.04288957054885565,0.030596901730740696,0.11493277854964594,0,0,Toronto Raptors,East,Atlantic
2022-23,2023,PHI,150899421.0,150.899421,16,3095940.0,0.24939161297378337,0.6908563287330307,0.8150450093509637,0.04624085336947714,0.027203550370150195,0.0695165026511268,0.2429474729396079,1,0,Philadelphia 76ers,East,Atlantic
2022-23,2023,MIA,149035368.0,149.035368,15,3114138.0,0.25264674087294503,0.6464130983995692,0.8185333161991454,0.05871089606059147,0.0,0.012319827331187588,0.21888413762295672,1,0,Miami Heat,East,Southeast
2022-23,2023,MIN,146986056.0,146.986056,18,2160720.0,0.2597009202015734,0.6441822889648797,0.7769424196265257,0.024983186160189234,0.0,0.0,0.5093119377255758,1,0,Minnesota Timberwolves,West,Northwest
2022-23,2023,NOP,146514057.0,146.514057,15,5508600.0,0.22750945323969837,0.5438654463032172,0.71552232015526,0.07927790846717185,0.0,0.0,0.16344229004593055,0,0,New Orleans Pelicans,West,Southwest
2022-23,2023,POR,142418891.0,142.418891,18,4134554.5,0.29836275020565917,0.6022299457450486,0.754161756532706,0.0,0.0711001323553348,0.039749495030122095,0.1097115690923334,1,0,Portland Trail Blazers,West,Northwest
2022-23,2023,WAS,135572834.0,135.572834,16,4181640.0,0.3192324651117052,0.6646807279989441,0.789557353355909,0.06730699455615127,0.0,0.011617371663116521,0.2627076527735638,1,0,Washington Wizards,East,Southeast
2022-23,2023,SAC,132336859.0,132.336859,17,4000000.0,0.21236373760389765,0.49083697082458333,0.6852211295116201,0.0,0.013470328776656245,0.03484048234815668,0.029606264117240384,0,0,Sacramento Kings,West,Pacific
2022-23,2023,NYK,131349180.0,131.34918,12,9352757.0,0.21114202616263003,0.5290732077657432,0.7575135680329332,0.13703930241513498,0.0,0.0,0.20167750571415824,0,0,New York Knicks,East,Atlantic
2022-23,2023,CHI,129465238.0,129.465238,16,3195700.0,0.28653637511561214,0.6673335741289874,0.7971398469139647,0.0027630351245328108,0.0,0.0,0.22245226938832802,1,0,Chicago Bulls,East,Central
2022-23,2023,CLE,123220929.0,123.220929,16,4945468.5,0.25088067628511385,0.5657321898619998,0.7069380316066275,0.062406192376621344,0.060266450352764345,0.0,0.24601997603832382,0,0,Cleveland Cavaliers,East,Central
2022-23,2023,IND,113766660.0,113.76666,16,3968480.0,0.3084954766185454,0.5850550503987724,0.7141508681014279,0.08416284700631978,0.04260244609448849,0.005194193096641845,0.384918296801541,0,0,Indiana Pacers,East,Central
2022-23,2023,MEM,108990324.0,108.990324,16,2818140.0,0.26558875997102277,0.562334129771006,0.755042612773589,0.0,0.0,0.0,0.16448092217800914,0,0,Memphis Grizzlies,West,Southwest
2022-23,2023,CHO,106621630.0,106.62163,17,2909040.0,0.28207222118063663,0.6017661050576698,0.7483022253552117,0.07595391291616907,0.34772494098992857,0.027283769719146107,0.051627995182591,0,0,Charlotte Hornets,East,Southeast
2022-23,2023,ORL,99192958.0,99.192958,15,3613680.0,0.17541567819763978,0.4844093872067007,0.7269177313978277,0.0,0.0052071035123279616,0.0,0.1710018668865586,0,0,Orlando Magic,East,Southeast
2022-23,2023,UTA,98801716.0,98.801716,16,3082104.0,0.16700114803674057,0.46877175696017265,0.6960463723119951,0.0,0.1664394169024352,0.016894220744101247,0.07256619915386894,0,0,Utah Jazz,West,Northwest
2022-23,2023,DET,97397353.0,97.397353,15,5200000.0,0.20072414082957676,0.437412298052905,0.6388157181232635,0.15573626523505213,0.20072414082957676,0.0,0.1409446928193213,0,0,Detroit Pistons,East,Central
2022-23,2023,OKC,89828830.0,89.82883,15,3046200.0,0.34414062834838216,0.6170794832794771,0.7379440208672428,0.0,0.0,0.0,0.0,0,0,Oklahoma City Thunder,West,Northwest
2022-23,2023,SAS,71392902.0,71.392902,18,2762800.0,0.19259617713816984,0.4573283769862724,0.6071720827373007,0.2406997967388971,0.043756226634406876,0.005602797880383123,0.04513868899740201,0,0,San Antonio Spurs,West,Southwest
2022-23,2023,HOU,48129035.0,48.129035,13,2471160.0,0.19617762957433074,0.52753388884693,0.6664238541246463,0.08177346585070737,0.0,0.05134447428667539,0.08263116017181728,0,0,Houston Rockets,West,Southwest
2023-24,2024,GSW,208822874.0,208.822874,15,6012840.0,0.24861076761159795,0.6030711702588674,0.8264747903048207,0.009671861905319816,0.0,0.0,0.0,2,0,Golden State Warriors,West,Pacific
2023-24,2024,LAC,200008612.0,200.008612,15,5000000.0,0.22819059411301748,0.6345735152644327,0.7796397687115593,0.00918008470555258,0.0,0.055070128680259026,0.08836848985282694,2,0,Los Angeles Clippers,West,Pacific
2023-24,2024,PHO,185692581.0,185.692581,13,6250000.0,0.2566038596878569,0.7022748151688408,0.844310645884124,0.0,0.03365777979035145,0.0,0.10175261660022918,2,0,Phoenix Suns,West,Pacific
2023-24,2024,MIL,184146404.0,184.146404,16,2019760.0,0.24784672960542853,0.6549199624881081,0.8542766547860473,0.021936165530552526,0.0,0.014561174922536092,0.14672947944180328,2,0,Milwaukee Bucks,East,Central
2023-24,2024,BOS,183505135.0,183.505135,14,3225291.0,0.20087561582404764,0.5747957243812278,0.8482894334264816,0.0,0.011798034970520035,0.0,0.2639136174581709,0,0,Boston Celtics,East,Atlantic
2023-24,2024,CLE,177012015.0,177.012015,15,8882760.0,0.19210701601244412,0.4924370811777946,0.6760454932960341,0.0,0.0,0.0,0.1891917958224474,0,0,Cleveland Cavaliers,East,Central
2023-24,2024,DEN,175967402.0,175.967402,14,3627700.5,0.2705464163186316,0.6525504081716226,0.8626525042405297,0.028414353699442584,0.0,0.0,0.2820241444492088,1,0,Denver Nuggets,West,Northwest
2023-24,2024,MIA,175704678.0,175.704678,17,2891467.0,0.25715854873254995,0.5963644291815611,0.8260636122619341,0.01916497066742867,0.0,0.0,0.2101825769260395,1,0,Miami Heat,East,Southeast
2023-24,2024,PHI,173866589.0,173.866589,15,6500000.0,0.26974705301200796,0.6064994522898244,0.7411033812827604,0.06827286408661298,0.02479055938688715,0.06724873402790459,0.2813634654096768,1,0,Philadelphia 76ers,East,Atlantic
2023-24,2024,LAL,171052984.0,171.052984,15,4698000.0,0.2783193188842587,0.6168563712399194,0.779121245847427,0.009088727735962794,0.012656896999820828,0.0,0.012656896999820828,1,0,Los Angeles Lakers,West,Pacific
2023-24,2024,NOP,164705051.0,164.705051,14,5047140.0,0.2173732304056662,0.629252827225074,0.7959152934538722,0.0,0.0,0.0,0.10597553562580178,0,0,New Orleans Pelicans,West,Southwest
2023-24,2024,DAL,161282426.0,161.282426,15,4765339.0,0.24841032587146228,0.5890225448369681,0.7703803450972395,0.0,0.0,0.012522790300785779,0.029610417690517626,0,0,Dallas Mavericks,West,Southwest
2023-24,2024,NYK,161249399.0,161.249399,13,10960000.0,0.1750510710430617,0.4624733267998103,0.6753403217335402,0.06848111105207902,0.12403147003357204,0.02715995859308598,0.16654223312795108,0,0,New York Knicks,East,Atlantic
2023-24,2024,MIN,159417033.0,159.417033,13,9219512.0,0.2571870723500418,0.635918245950544,0.7786340246339926,0.06147979181120502,0.0,0.0,0.5643474747143237,1,0,Minnesota Timberwolves,West,Northwest
2023-24,2024,POR,157605999.0,157.605999,15,6313800.0,0.20595306146944317,0.5339440664311261,0.7501251078647077,0.0,0.0,0.0,0.30456831151458896,0,0,Portland Trail Blazers,West,Northwest
2023-24,2024,TOR,150293206.0,150.293206,16,5850500.0,0.15891556002870816,0.43504247956491127,0.6396766265003356,0.0,0.06187904461895636,0.0,0.12974638387845688,0,0,Toronto Raptors,East,Atlantic
2023-24,2024,ATL,149356054.0,149.356054,15,4094280.0,0.26824637453263195,0.5407849486971583,0.7879393091089565,0.013522759512647543,0.0,0.0,0.1380325701427543,0,0,Atlanta Hawks,East,Southeast
2023-24,2024,SAC,147544218.0,147.544218,16,5702612.0,0.22095111853180177,0.5435662683847089,0.7171784461252152,0.0279536538666666,0.0,0.06180901646718545,0.027378002708313517,0,0,Sacramento Kings,West,Pacific
2023-24,2024,BRK,143822976.0,143.822976,16,2887380.0,0.2634725622698838,0.5929007893703994,0.7760217950155613,0.2775155619085507,0.01644114219969972,0.0,0.08228893831261008,0,0,Brooklyn Nets,East,Atlantic
2023-24,2024,CHI,143454969.0,143.454969,14,6335978.5,0.27928081041236014,0.6077359300115983,0.7537538208244289,0.0,0.019956192664194156,0.0,0.15251140586144493,0,0,Chicago Bulls,East,Central
2023-24,2024,MEM,137808178.0,137.808178,16,3198184.0,0.24675785206303213,0.5800901307903512,0.782678710112545,0.02319490792484028,0.01702811860701039,0.0,0.0,0,0,Memphis Grizzlies,West,Southwest
2023-24,2024,HOU,131902009.0,131.902009,14,7250000.0,0.30936829779446345,0.5559085229702605,0.6993977703554158,0.0,0.015312170112587141,0.0,0.10277315791300798,1,0,Houston Rockets,West,Southwest
2023-24,2024,ORL,130960229.0,130.960229,15,7252080.0,0.1328647646149122,0.36232374028606806,0.5502287263104892,0.0,0.0,0.0,0.11539827866366971,0,0,Orlando Magic,East,Southeast
2023-24,2024,WAS,129204826.0,129.204826,13,6614280.0,0.21636465034208552,0.5226084898717328,0.7125860685730113,0.0,0.0,0.0,0.0,0,0,Washington Wizards,East,Southeast
2023-24,2024,OKC,128814705.0,128.814705,15,4798440.0,0.25918508294530507,0.6223251297280074,0.7540883472892322,0.0,0.24453729875016986,0.0,0.11365540913981831,0,0,Oklahoma City Thunder,West,Northwest
2023-24,2024,IND,127386952.0,127.386952,15,5808435.0,0.29746694936228635,0.5700615868413274,0.6926493382147961,0.0,0.0,0.006105044416165951,0.16465579614464754,0,0,Indiana Pacers,East,Central
2023-24,2024,UTA,123347474.0,123.347474,15,3889800.0,0.20543590540005707,0.5363111773168537,0.7655821796561476,0.0,0.0893411080311219,0.0,0.04565281977318806,0,0,Utah Jazz,West,Northwest
2023-24,2024,DET,117106039.0,117.106039,19,4000000.0,0.1701754339073837,0.43469247559470436,0.5972179965885448,0.19409902507248153,0.1701754339073837,0.017246813377404045,0.14047166260998717,0,0,Detroit Pistons,East,Central
2023-24,2024,CHO,105604946.0,105.604946,18,4285040.0,0.16097730877112518,0.3809122349250574,0.5589503071191382,0.08152546188509012,0.23256486490699024,0.0,0.08435362487662273,0,0,Charlotte Hornets,East,Southeast
2023-24,2024,SAS,94551677.0,94.551677,15,5316960.0,0.21152454017288344,0.4681109992369569,0.6542085234511493,0.1279723468045945,0.07105999822721283,0.0,0.02749819022247485,0,0,San Antonio Spurs,West,Southwest
2024-25,2025,PHO,211011168.0,211.011168,15,5000000.0,0.24254176442452563,0.7136529901583218,0.8342457968859733,0.019785862708461003,0.03848137554501381,0.0,0.04348129099972566,3,0,Phoenix Suns,West,Pacific
2024-25,2025,NOP,208801832.0,208.801832,17,4525680.0,0.17588768090885332,0.5080185455460946,0.7596245803054065,0.002857163628717587,0.0,0.0,0.03533301374482193,0,0,New Orleans Pelicans,West,Southwest
2024-25,2025,MIN,205461565.0,205.461565,17,4312500.0,0.21331282568591356,0.5795629318797411,0.7596631564643246,0.0,0.0,0.0,0.29191165267333574,2,0,Minnesota Timberwolves,West,Northwest
2024-25,2025,BOS,195347970.0,195.34797,14,4770885.5,0.2518879515359182,0.583851165691663,0.8361482435676194,0.0,0.014565505850918236,0.0,0.22021430783232607,1,0,Boston Celtics,East,Atlantic
2024-25,2025,NYK,192655054.0,192.655054,17,2733720.0,0.25540881995236936,0.5751405410833396,0.7902607735377656,0.010835526795990516,0.0,0.03242496301187095,0.33525484361287505,1,0,New York Knicks,East,Atlantic
2024-25,2025,GSW,189284290.0,189.28429,15,7636154.0,0.29458977287549853,0.6797554937073753,0.7957291965434639,0.0,0.0,0.0,0.0023188400896873166,2,0,Golden State Warriors,West,Pacific
2024-25,2025,DAL,185188571.0,185.188571,16,7645929.0,0.23338070900714494,0.5404893804164621,0.6965149917378001,0.01127239650226579,0.0,0.011863421096326727,0.02707812891973771,1,0,Dallas Mavericks,West,Southwest
2024-25,2025,MIL,183167325.0,183.167325,16,2120693.0,0.2663557815238062,0.6582798105502714,0.8493012768516437,0.0,0.0,0.0,0.13699137660060276,2,0,Milwaukee Bucks,East,Central
2024-25,2025,DEN,179508675.0,179.508675,14,3196705.5,0.28642592342682044,0.6868308063663219,0.8635929823447251,0.0,0.011629070294235084,0.0,0.29805499372105554,1,0,Denver Nuggets,West,Northwest
2024-25,2025,PHI,177725018.0,177.725018,18,2750370.5,0.2893005080466499,0.7639258643934981,0.8369769190289237,0.011745780214240857,0.0,0.0,0.3239447751807233,2,0,Philadelphia 76ers,East,Atlantic
2024-25,2025,MIA,176139468.0,176.139468,16,4715900.0,0.19784515302385267,0.5116691166570345,0.7633453962742751,0.029173881687890642,0.0,0.0,0.22187043280952795,0,0,Miami Heat,East,Southeast
2024-25,2025,LAL,174209832.0,174.209832,15,3819120.0,0.27971351812106676,0.6243091090289324,0.784463847023284,0.01650308692106425,0.01414355304584646,0.011982785219608041,0.01841328335590152,2,0,Los Angeles Lakers,West,Pacific
2024-25,2025,LAC,169579774.0,169.579774,16,4834000.0,0.29101347900133423,0.6029329004766807,0.7739627899256429,0.01676700548026441,0.0,0.0,0.06924888341931627,1,0,Los Angeles Clippers,West,Pacific
2024-25,2025,CLE,169255504.0,169.255504,14,8175926.0,0.21698360840306855,0.5543832063505598,0.7624241100011732,0.0,0.0,0.0,0.1968345324829141,0,0,Cleveland Cavaliers,East,Central
2024-25,2025,POR,169180337.0,169.180337,17,6586440.0,0.2009992804305621,0.5301507763281025,0.6959712936379835,0.0,0.0,0.0,0.3255042398928429,0,0,Portland Trail Blazers,West,Northwest
2024-25,2025,IND,168848094.0,168.848094,16,5398950.5,0.2497866514264591,0.617599509296208,0.7594218327391957,0.0,0.0,0.012363296206352202,0.14559894291729464,0,0,Indiana Pacers,East,Central
2024-25,2025,SAC,167350801.0,167.350801,14,6351400.0,0.26609935377602406,0.6479320048190268,0.8110934706550942,0.0,0.0,0.05769687950283548,0.06007116153570129,1,0,Sacramento Kings,West,Pacific
2024-25,2025,WAS,166512604.0,166.512604,17,5291160.0,0.19017584999151174,0.5033760807680361,0.7007101276249335,0.0,0.0,0.0,0.06753650912816185,0,0,Washington Wizards,East,Southeast
2024-25,2025,CHI,165694705.0,165.694705,17,8352367.0,0.1291251159776047,0.3614801571359809,0.5640910794343127,0.03557004431734859,0.012598586056204994,0.0,0.12070391748487075,0,0,Chicago Bulls,East,Central
2024-25,2025,HOU,163400188.0,163.400188,16,8000000.0,0.2622188843503656,0.4755325495708732,0.613733173917768,0.0,0.0,0.0,0.15926942507556968,1,0,Houston Rockets,West,Southwest
2024-25,2025,ATL,161255750.0,161.25575,15,8500000.0,0.26685522841821147,0.5079670275323516,0.6727303925596452,0.0,0.0,0.0,0.13807433223311416,1,0,Atlanta Hawks,East,Southeast
2024-25,2025,OKC,157296891.0,157.296891,15,6669000.0,0.227976216007982,0.5235955362906696,0.6753613458259642,0.0,0.0,0.0,0.2661942949654358,0,0,Oklahoma City Thunder,West,Northwest
2024-25,2025,MEM,155850296.0,155.850296,15,5756880.0,0.2356470981614305,0.615903340985634,0.7763136875915847,0.0,0.0,0.0,0.05033620853694112,0,0,Memphis Grizzlies,West,Southwest
2024-25,2025,CHO,154973518.0,154.973518,16,6198454.5,0.22679358675977143,0.5190945784685613,0.6847975406998246,0.0,0.0,0.0,0.14337468934531125,0,0,Charlotte Hornets,East,Southeast
2024-25,2025,SAS,154735567.0,154.735567,15,5570040.0,0.22521221640012473,0.5376667279087813,0.7365153869245847,0.0,0.0,0.0,0.01674730025062693,0,0,San Antonio Spurs,West,Southwest
2024-25,2025,ORL,149590001.0,149.590001,15,9057971.0,0.16712346970303182,0.40548833207107204,0.5666675542037064,0.022085506904970204,0.0,0.0,0.14043700019762684,0,0,Orlando Magic,East,Southeast
2024-25,2025,UTA,142871413.0,142.871413,15,4084200.0,0.29520531164621433,0.6096838980657383,0.7641415081406103,0.0,0.0,0.0,0.020759366326138316,1,0,Utah Jazz,West,Northwest
2024-25,2025,DET,133989527.0,133.989527,15,7977240.0,0.18931221393146644,0.42211535682188056,0.6233692055648499,0.04477961923098661,0.0,0.0,0.03385966128531822,0,0,Detroit Pistons,East,Central
2024-25,2025,TOR,122886811.0,122.886811,15,3565000.0,0.2644710179679087,0.6330593362049244,0.8034680222924818,0.0,0.0,0.0,0.1626853755689046,0,0,Toronto Raptors,East,Atlantic
2024-25,2025,BRK,98692651.0,98.692651,14,3179160.0,0.27921853066850943,0.6965982097289088,0.7996884996026705,0.0,0.0,0.0,0.31963817650414517,0,0,Brooklyn Nets,East,Atlantic
2025-26,2026,CLE,221979653.0,221.979653,16,7552799.5,0.20900158808699462,0.5957045531555993,0.757595300863003,0.0,0.0,0.0,0.3094444606596443,2,0,Cleveland Cavaliers,East,Central
2025-26,2026,NYK,211191730.0,211.19173,16,3590466.5,0.25629057539326944,0.609111999792795,0.8192160602122063,0.0,0.0,0.0,0.326889566177615,1,0,New York Knicks,East,Atlantic
2025-26,2026,LAL,205234383.0,205.234383,16,7052000.0,0.26372993262050054,0.609122410059332,0.7334144639887168,0.0,0.0,0.0,0.05629331611555555,2,0,Los Angeles Lakers,West,Pacific
2025-26,2026,GSW,204724986.0,204.724986,14,3384440.5,0.29115555538492016,0.7056538472543845,0.8886648794300076,0.0,0.0,0.0,0.18733465196085056,2,0,Golden State Warriors,West,Pacific
2025-26,2026,DAL,198825658.0,198.825658,17,7714286.0,0.2722307097809278,0.5266896337896189,0.6714025460436298,0.0,0.0,0.0,0.02642194198094896,1,0,Dallas Mavericks,West,Southwest
2025-26,2026,PHI,196437288.0,196.437288,16,3441980.0,0.28113056620899796,0.7373822835509722,0.838432797952291,0.0036278091967956714,0.0,0.0,0.31653818698616937,2,0,Philadelphia 76ers,East,Atlantic
2025-26,2026,SAC,196296766.0,196.296766,16,4015920.0,0.24197882098577211,0.5894425178660355,0.8039197599414348,0.0,0.0,0.010756753883556085,0.010921575753316282,1,0,Sacramento Kings,West,Pacific
2025-26,2026,MIN,194508161.0,194.508161,15,4201080.0,0.23418303769783727,0.5728022383595514,0.8114058309358032,0.0,0.0,0.0,0.2907421658261424,0,0,Minnesota Timberwolves,West,Northwest
2025-26,2026,LAC,191073351.0,191.073351,15,7000000.0,0.2616796101513916,0.6072332399718053,0.7434113090945895,0.0,0.0,0.0,0.060153862063161284,1,0,Los Angeles Clippers,West,Pacific
2025-26,2026,ORL,189534129.0,189.534129,15,7970280.0,0.20398305151680624,0.582414473754223,0.7424635855424223,0.0,0.0,0.0,0.11277773619335861,0,0,Orlando Magic,East,Southeast
2025-26,2026,DEN,189435708.0,189.435708,16,3787618.0,0.29152120570637086,0.6570043331007056,0.8230346202733858,0.0,0.0,0.0,0.34639470400163413,2,0,Denver Nuggets,West,Northwest
2025-26,2026,BOS,189348982.0,189.348982,13,2783880.0,0.28585551096334916,0.7149165185371844,0.8814139755977141,0.0,0.0,0.0,0.1388574774592662,2,0,Boston Celtics,East,Atlantic
2025-26,2026,TOR,186539865.0,186.539865,15,3638160.0,0.20725730663523317,0.5857031578745916,0.8387608997143855,0.0,0.0,0.0,0.10453529598083498,0,0,Toronto Raptors,East,Atlantic
2025-26,2026,DET,182707146.0,182.707146,17,6483144.0,0.25392602870606934,0.4981705367999126,0.6724094360272039,0.0,0.0,0.0,0.04618604791735951,1,0,Detroit Pistons,East,Central
2025-26,2026,NOP,182146811.0,182.146811,15,6118644.0,0.21656206761698396,0.5605116413484724,0.7742819170191236,0.0,0.0,0.0,0.05918786028046354,0,0,New Orleans Pelicans,West,Southwest
2025-26,2026,ATL,181728046.0,181.728046,16,10359756.0,0.16875032046511962,0.4576435384112367,0.6236157186216595,0.0,0.0,0.0,0.02390807635712982,0,0,Atlanta Hawks,East,Southeast
2025-26,2026,OKC,179773091.0,179.773091,14,9276798.0,0.21323018804855506,0.4731257137921715,0.6502009803013289,0.0,0.0,0.0,0.23491484607115087,0,0,Oklahoma City Thunder,West,Northwest
2025-26,2026,SAS,175732468.0,175.732468,15,11000000.0,0.21109713203367747,0.4728586637729347,0.6489508927855039,0.0,0.0,0.0,0.07904138693368831,0,0,San Antonio Spurs,West,Southwest
2025-26,2026,HOU,175117598.0,175.117598,13,9690600.0,0.3124106864462588,0.58694270692315,0.7299916767931,0.0,0.0,0.0,0.31279202447717447,1,0,Houston Rockets,West,Southwest
2025-26,2026,CHI,170789587.0,170.789587,14,9553581.5,0.16206240372254077,0.42068472827913095,0.6319417295622362,0.0,0.0,0.0,0.029275789512858297,0,0,Chicago Bulls,East,Central
2025-26,2026,PHO,164634085.0,164.634085,16,2503669.0,0.3227901682692257,0.6609498452279794,0.8249499063331873,0.0,0.0,0.0,0.07466625759787228,1,0,Phoenix Suns,West,Pacific
2025-26,2026,MIA,159804114.0,159.804114,14,4444388.5,0.23213807874808529,0.6027368857349943,0.8034999149020656,0.0,0.0,0.0,0.25994312011266496,0,0,Miami Heat,East,Southeast
2025-26,2026,CHO,156452645.0,156.452645,16,7931620.0,0.24262140151098116,0.48976753956444774,0.6593676700064739,0.0,0.0,0.0,0.014677118434143443,0,0,Charlotte Hornets,East,Southeast
2025-26,2026,MIL,153697349.0,153.697349,16,3665629.0,0.35216254770926464,0.6587966979183226,0.7905564786286587,0.0,0.0,0.0,0.18074296128555867,1,0,Milwaukee Bucks,East,Central
2025-26,2026,POR,149698999.0,149.698999,15,7178400.0,0.21643431296424367,0.5262226235727869,0.6921269593793342,0.0,0.0,0.0,0.18108437719079204,0,0,Portland Trail Blazers,West,Northwest
2025-26,2026,UTA,149362865.0,149.362865,14,4578949.0,0.31061335091557063,0.6746596618911936,0.7766585087933336,0.0,0.0,0.0,0.16238265113621114,1,0,Utah Jazz,West,Northwest
2025-26,2026,IND,148120762.0,148.120762,16,4728120.0,0.3075228035891417,0.5519449866184188,0.7207261869203725,0.0,0.058600832744838294,0.0,0.16640023766553402,0,0,Indiana Pacers,East,Central
2025-26,2026,MEM,136449996.0,136.449996,16,4853220.0,0.28908824592416993,0.5830231464425987,0.738985041817077,0.0,0.0,0.0,0.04430194340203572,0,0,Memphis Grizzlies,West,Southwest
2025-26,2026,BRK,125826874.0,125.826874,14,5030780.0,0.30464914832104945,0.6293196316710531,0.7348036556960003,0.0,0.0,0.0,0.2511567759364347,0,0,Brooklyn Nets,East,Atlantic
2025-26,2026,WAS,108259619.0,108.259619,14,4108680.0,0.4285448298132289,0.6137097157158848,0.7363371563315774,0.0,0.0,0.0,0.10907335633612382,1,0,Washington Wizards,East,Southeast
